Predicted_Class_Index,Predicted_Class_Label,Predicted_Magnitude,Predicted_Depth_km
0,Hafif,2.7993038,6.320791
0,Hafif,1.7491435,5.065705
0,Hafif,2.0987527,8.5532875
2,Güçlü,4.387664,1.4215711
0,Hafif,1.1930739,6.6056943
0,Hafif,1.313463,6.746844
0,Hafif,2.2574623,2.8368611
0,Hafif,2.1861346,5.9664836
0,Hafif,1.2848415,5.360943
0,Hafif,2.2575252,7.380905
0,Hafif,2.913251,3.7602131
2,Güçlü,4.766569,8.541945
0,Hafif,1.7078364,4.051371
0,Hafif,1.3132839,2.1696765
0,Hafif,1.2197444,7.7951064
0,Hafif,1.780757,3.8921092
0,Hafif,1.4220775,7.1449933
0,Hafif,2.1228395,5.7168975
2,Güçlü,3.6506958,8.43365
0,Hafif,1.4568712,8.218779
3,Şiddetli,5.811819,8.94612
0,Hafif,1.2001126,5.3764796
0,Hafif,1.3396897,5.61767
0,Hafif,1.4258883,1.7944884
0,Hafif,2.1132033,3.2035336
2,Güçlü,4.3081813,4.108053
0,Hafif,1.4515373,9.626629
0,Hafif,2.1158414,1.3788259
0,Hafif,2.178127,3.0634348
0,Hafif,2.246078,6.64403
0,Hafif,1.8540013,7.1874104
0,Hafif,1.8687543,2.9674015
0,Hafif,2.1367018,9.493189
2,Güçlü,4.726359,5.047704
0,Hafif,1.3443539,5.9408307
0,Hafif,1.1592196,4.7073298
0,Hafif,1.5072188,1.514218
2,Güçlü,3.673573,1.6079094
0,Hafif,1.5769961,3.1063516
0,Hafif,1.2823725,8.534055
0,Hafif,2.0642836,3.4549499
2,Güçlü,4.698945,6.860802
0,Hafif,1.3891543,9.530393
2,Güçlü,3.9396658,7.3098717
0,Hafif,1.4431359,1.6838377
0,Hafif,1.3788258,5.0427985
0,Hafif,1.9805498,9.430823
0,Hafif,3.164549,8.820609
0,Hafif,1.3387861,5.937631
0,Hafif,1.3328619,4.4346714
0,Hafif,1.805284,6.7411757
2,Güçlü,3.8771265,6.8419476
0,Hafif,1.0863837,5.707728
0,Hafif,1.6138549,6.926051
0,Hafif,1.4382906,1.5019385
0,Hafif,1.6932585,8.135955
0,Hafif,1.9478531,1.4948279
0,Hafif,1.4995987,2.8067434
0,Hafif,1.4038113,4.0753183
0,Hafif,1.4170594,6.9257674
0,Hafif,1.4326876,8.414236
0,Hafif,1.4017729,3.7048671
0,Hafif,1.0861036,6.1914177
0,Hafif,1.8609729,7.54373
0,Hafif,1.5341076,7.2733765
0,Hafif,2.1738367,7.7410154
0,Hafif,1.4146869,3.4822977
0,Hafif,1.2734753,6.5167346
0,Hafif,2.107782,4.824322
0,Hafif,2.3114543,1.402445
0,Hafif,1.272718,2.1204348
0,Hafif,1.2853255,1.7607837
0,Hafif,2.7879348,6.424263
0,Hafif,1.6281751,1.8167909
0,Hafif,1.3275388,4.3142667
0,Hafif,1.2403908,7.636663
0,Hafif,1.7136106,6.612761
0,Hafif,1.6257942,2.7300277
0,Hafif,2.3464308,8.050774
0,Hafif,2.7614536,6.736107
0,Hafif,1.9502999,8.718748
0,Hafif,1.9078703,7.702673
2,Güçlü,4.4300284,4.3704786
0,Hafif,2.839977,2.2842927
2,Güçlü,3.808476,3.0593822
0,Hafif,1.5907663,7.708159
0,Hafif,1.4367932,1.4312972
0,Hafif,1.7687441,5.7974124
0,Hafif,2.042491,6.3790245
0,Hafif,2.0764096,8.090877
2,Güçlü,4.244366,5.3177204
2,Güçlü,3.6817007,3.7983348
0,Hafif,2.4821477,3.1736948
0,Hafif,2.1835208,1.5854583
2,Güçlü,4.718363,3.5556788
0,Hafif,1.5675216,2.4202971
0,Hafif,1.8274733,7.606487
0,Hafif,1.8403252,2.253698
0,Hafif,1.5434405,2.8176022
0,Hafif,1.6178337,5.0180063
0,Hafif,1.8065574,7.432293
0,Hafif,2.1466866,1.2702553
0,Hafif,1.3726234,5.7756577
0,Hafif,2.1303165,6.0074015
0,Hafif,2.5274153,1.3434292
0,Hafif,1.293136,5.49559
0,Hafif,2.560649,5.1855307
2,Güçlü,4.1755104,3.3003035
0,Hafif,2.018457,2.4796984
0,Hafif,2.4653735,1.9616809
0,Hafif,1.5526216,3.9666953
1,Orta,3.2869258,4.1916027
0,Hafif,1.6542387,2.4822686
0,Hafif,1.3995242,8.596623
0,Hafif,1.5951246,4.45013
0,Hafif,1.9098774,5.7810245
0,Hafif,1.6622938,2.4623168
0,Hafif,1.665721,4.2729173
0,Hafif,1.2833196,4.7664585
0,Hafif,1.6678541,8.056785
0,Hafif,1.2221451,3.8071625
0,Hafif,1.599707,8.3907995
0,Hafif,2.8155408,4.8091474
0,Hafif,1.0994381,5.1318994
2,Güçlü,4.0357447,2.051587
2,Güçlü,4.0393004,2.204634
0,Hafif,2.4069407,9.333764
0,Hafif,2.3112438,5.449728
0,Hafif,1.7988343,4.0663247
0,Hafif,2.2445498,7.866544
0,Hafif,1.4061863,3.2105455
2,Güçlü,4.3536572,5.9032083
0,Hafif,2.836994,7.576168
0,Hafif,1.7438853,5.3102236
2,Güçlü,4.018592,7.1257305
0,Hafif,1.2487311,1.8698398
0,Hafif,1.4718547,2.638843
0,Hafif,1.936864,9.680933
0,Hafif,2.1811883,8.027045
0,Hafif,1.2187105,3.431009
0,Hafif,1.1267197,5.834155
0,Hafif,1.4857956,5.240213
0,Hafif,2.065971,7.8074102
0,Hafif,2.6169798,8.331962
0,Hafif,2.3970299,7.5215344
0,Hafif,3.0115042,7.1859074
0,Hafif,2.6681802,1.4490846
0,Hafif,2.9246862,7.242858
2,Güçlü,3.8592882,1.4533896
0,Hafif,1.896278,8.256865
0,Hafif,1.2689834,1.934138
0,Hafif,2.6624424,3.044285
0,Hafif,1.2787266,6.579301
0,Hafif,1.3401111,8.175125
0,Hafif,2.0350442,6.927937
0,Hafif,1.5581746,6.4517064
0,Hafif,2.6455982,9.097848
0,Hafif,1.716192,1.6879069
0,Hafif,2.4465923,1.6861098
0,Hafif,1.7338978,9.186755
2,Güçlü,4.128653,9.158123
0,Hafif,2.3961089,6.2294006
0,Hafif,1.8748595,7.5812526
0,Hafif,1.62511,5.6375813
0,Hafif,1.8299725,9.709944
0,Hafif,2.5103588,5.214727
2,Güçlü,4.519667,9.385047
0,Hafif,1.7619908,5.4660892
0,Hafif,1.3257303,5.1923423
0,Hafif,1.4235543,1.705575
0,Hafif,1.4762455,6.4069667
0,Hafif,1.9798211,8.496978
0,Hafif,1.372477,5.1529775
0,Hafif,1.8543098,9.03037
0,Hafif,1.155179,3.760497
0,Hafif,1.9472135,2.2706068
0,Hafif,1.3946196,4.605343
0,Hafif,1.473677,7.0202312
2,Güçlü,4.20055,3.1067827
0,Hafif,1.9509318,3.564895
0,Hafif,1.421041,5.129009
2,Güçlü,4.4818287,7.340627
0,Hafif,1.9060848,6.7826037
2,Güçlü,4.210906,5.054506
0,Hafif,1.5892868,9.550983
2,Güçlü,4.5934296,2.2433856
2,Güçlü,5.0772953,2.6233609
0,Hafif,1.4472262,9.644446
0,Hafif,1.8067782,1.2678537
0,Hafif,2.3360846,1.1963886
0,Hafif,1.6478589,3.2745388
0,Hafif,2.4547226,5.6795406
2,Güçlü,4.9026337,9.274003
0,Hafif,1.5297705,7.2874055
0,Hafif,1.7235968,2.9944074
2,Güçlü,3.4044144,6.9394917
0,Hafif,1.5956866,1.7240827
2,Güçlü,4.861833,7.42733
0,Hafif,1.4108362,4.025304
0,Hafif,1.2591674,4.2399354
0,Hafif,1.5567029,2.6801457
2,Güçlü,4.341244,3.331348
0,Hafif,1.8215886,5.6152143
0,Hafif,1.487841,3.9019449
0,Hafif,1.422791,8.579234
0,Hafif,1.2929175,6.5293174
2,Güçlü,4.553215,9.391563
0,Hafif,1.4586507,6.1211886
0,Hafif,2.1673331,7.4695115
0,Hafif,1.5700475,5.731249
0,Hafif,2.2401257,7.6437635
0,Hafif,1.6509471,2.0702376
0,Hafif,2.223111,9.306528
0,Hafif,2.0192664,5.34039
0,Hafif,1.3407701,8.764083
0,Hafif,2.1218214,4.7171907
0,Hafif,2.1500955,7.389685
0,Hafif,1.8674768,9.581512
0,Hafif,1.2286301,9.091219
0,Hafif,1.9738063,2.323179
0,Hafif,1.4862934,3.2486012
0,Hafif,1.90854,7.804148
0,Hafif,1.9375434,2.986479
0,Hafif,1.6176548,4.6191216
0,Hafif,1.8594288,7.3274884
0,Hafif,1.4869496,8.039303
0,Hafif,2.149257,7.497478
0,Hafif,1.2781657,4.71695
0,Hafif,1.4250708,2.1254573
2,Güçlü,4.641758,0.89723474
0,Hafif,1.5696988,3.464188
0,Hafif,1.4088123,1.7525682
2,Güçlü,4.3433185,2.3512027
0,Hafif,1.7689028,9.154327
0,Hafif,1.6574378,1.9601259
0,Hafif,1.4494768,8.847088
0,Hafif,1.9394667,3.793368
0,Hafif,1.4766884,5.511012
2,Güçlü,4.2207556,3.6263237
0,Hafif,1.6911918,1.660287
0,Hafif,1.3112296,6.715708
0,Hafif,1.4155185,4.267929
0,Hafif,1.9190851,3.9178488
0,Hafif,1.9737637,5.0170856
0,Hafif,1.770866,7.8582053
2,Güçlü,5.2207384,6.1011844
0,Hafif,1.7019231,1.2806357
0,Hafif,1.9603971,3.4787848
2,Güçlü,4.2774806,7.735958
2,Güçlü,4.2314134,8.692029
0,Hafif,1.2432851,2.1434996
0,Hafif,1.1623508,4.64445
0,Hafif,1.6387835,5.815721
0,Hafif,2.1443963,9.192354
0,Hafif,2.2789166,8.00862
0,Hafif,2.1962652,4.2866244
2,Güçlü,4.2457356,2.7339609
0,Hafif,1.5062495,9.3170595
1,Orta,3.4184868,3.4601848
0,Hafif,1.5796202,4.736941
0,Hafif,2.037198,7.385305
0,Hafif,2.010428,2.0288305
0,Hafif,1.3857584,9.71208
0,Hafif,1.6004053,4.3428135
2,Güçlü,3.8589525,6.145377
0,Hafif,2.0240066,2.888451
0,Hafif,1.5601834,8.946367
0,Hafif,1.928224,1.248095
0,Hafif,2.191048,3.2614472
0,Hafif,2.463575,7.93118
0,Hafif,1.3637925,8.126048
0,Hafif,2.5254278,1.9531387
0,Hafif,2.0758493,2.7455351
2,Güçlü,4.292331,9.551391
0,Hafif,1.9265437,9.296817
2,Güçlü,4.4077573,9.653773
0,Hafif,1.9069884,7.9309115
0,Hafif,1.3564463,8.507826
0,Hafif,1.5983832,1.3824613
0,Hafif,1.3652483,4.4697123
0,Hafif,1.1357582,7.6456656
0,Hafif,2.0127275,2.7798862
0,Hafif,2.322228,5.903045
0,Hafif,2.1086433,2.9019887
0,Hafif,1.1352354,5.7968135
0,Hafif,1.2773944,9.315317
0,Hafif,2.3325043,7.03912
0,Hafif,1.50641,2.2826183
0,Hafif,1.5416907,1.322114
0,Hafif,1.7112058,5.557765
0,Hafif,2.471446,9.024734
2,Güçlü,4.306135,1.3426635
0,Hafif,1.5108109,5.532703
0,Hafif,1.1911956,1.902409
2,Güçlü,4.694741,9.245607
0,Hafif,1.2568556,2.547175
0,Hafif,1.5294544,9.718127
2,Güçlü,4.156501,6.933235
0,Hafif,1.0999297,6.1270814
0,Hafif,2.5792623,1.974113
0,Hafif,1.4195129,1.6281323
0,Hafif,1.6287837,9.495368
0,Hafif,1.5515949,8.523363
0,Hafif,1.751178,4.5371976
2,Güçlü,4.41701,2.1273887
0,Hafif,1.5204564,1.5543269
0,Hafif,1.4717879,3.9536648
0,Hafif,1.2177846,7.3148236
0,Hafif,1.4350203,2.4728951
0,Hafif,2.52933,1.9430956
0,Hafif,1.3216041,2.2871466
0,Hafif,1.3757111,7.2399025
0,Hafif,1.8164942,6.260303
0,Hafif,1.2769736,9.490645
0,Hafif,2.6962938,8.062123
0,Hafif,2.4902372,5.8088627
0,Hafif,1.5064386,8.439387
2,Güçlü,3.9315155,7.239371
2,Güçlü,4.834597,7.929904
0,Hafif,1.5418748,3.9817417
0,Hafif,2.8365679,9.44905
0,Hafif,1.4455286,8.2494
0,Hafif,1.5344893,8.030901
1,Orta,3.007047,1.2029358
0,Hafif,1.219885,6.6113396
0,Hafif,1.2070184,7.044405
0,Hafif,2.240286,5.9612513
0,Hafif,2.0258229,9.016205
0,Hafif,1.8591306,6.4674516
2,Güçlü,3.91351,6.5801716
0,Hafif,2.2360618,9.018291
0,Hafif,1.2298895,7.1053004
0,Hafif,2.0628855,1.26519
0,Hafif,1.2370148,2.3382196
0,Hafif,1.7623801,3.8217883
1,Orta,3.1922634,4.345656
0,Hafif,1.2987818,2.5302143
0,Hafif,1.2991853,9.702171
0,Hafif,1.8281198,8.284991
0,Hafif,2.5241818,6.6503105
0,Hafif,1.8649969,9.678724
0,Hafif,1.611627,1.7319715
2,Güçlü,4.3033895,8.446045
0,Hafif,1.4220169,8.949146
0,Hafif,1.274502,2.5209846
0,Hafif,1.1555922,6.9405804
0,Hafif,1.9341968,3.9260936
3,Şiddetli,5.802853,5.7551427
0,Hafif,1.4590671,2.5297635
0,Hafif,1.3780845,7.183604
0,Hafif,1.207798,9.428214
0,Hafif,1.9360865,6.336207
0,Hafif,1.8806299,4.188561
0,Hafif,1.5585456,1.3905753
0,Hafif,2.2681766,8.525244
0,Hafif,2.0919714,7.3576784
2,Güçlü,4.120296,7.569445
0,Hafif,1.4479916,9.38237
0,Hafif,1.6333055,3.8680782
0,Hafif,1.6058575,5.444665
2,Güçlü,4.3090706,7.809341
0,Hafif,1.5043311,4.447727
0,Hafif,1.2622108,8.479948
0,Hafif,1.4715035,7.283316
0,Hafif,1.4550711,2.143501
0,Hafif,1.3978232,8.611362
0,Hafif,1.3004115,5.6702156
2,Güçlü,4.6312366,8.790526
0,Hafif,3.213727,7.5525336
0,Hafif,2.0023298,9.628151
2,Güçlü,4.332599,4.198495
0,Hafif,1.3110167,6.373525
0,Hafif,2.1238792,5.249278
0,Hafif,1.4970548,8.026135
0,Hafif,2.2148626,3.994001
0,Hafif,1.4523486,5.0196366
2,Güçlü,4.185027,6.300973
0,Hafif,1.9997896,7.1094174
0,Hafif,1.7068608,5.9609156
0,Hafif,1.6168115,8.8737335
0,Hafif,2.786974,8.438743
0,Hafif,1.7485431,4.862437
0,Hafif,1.6280466,5.210498
0,Hafif,1.8589349,9.442063
2,Güçlü,4.1334558,2.445142
0,Hafif,2.421752,9.032257
0,Hafif,1.998101,5.5470734
1,Orta,3.1983948,7.26042
2,Güçlü,4.34529,1.048714
0,Hafif,1.4624612,9.597379
0,Hafif,1.5186809,2.5478954
0,Hafif,1.1691432,3.7008507
1,Orta,3.205189,4.7820115
0,Hafif,1.783789,6.1318426
0,Hafif,1.4552388,3.2627704
1,Orta,3.4988344,3.2120194
2,Güçlü,4.612799,9.680649
0,Hafif,2.5397725,8.321269
0,Hafif,2.1422083,3.9134943
2,Güçlü,4.0668526,2.1941633
0,Hafif,2.099147,2.50796
0,Hafif,1.7081218,7.665297
0,Hafif,1.6893268,7.7736244
2,Güçlü,4.2659106,5.250524
0,Hafif,1.2234393,3.2796993
0,Hafif,1.5706505,2.5665793
0,Hafif,1.428711,6.044084
0,Hafif,1.4948376,7.581119
0,Hafif,1.2416022,4.781866
0,Hafif,1.4552048,1.9357685
0,Hafif,1.3525044,6.926635
2,Güçlü,4.4182982,3.174831
0,Hafif,1.256921,5.8185797
0,Hafif,1.7415123,8.023274
0,Hafif,1.8321664,7.5734262
0,Hafif,2.12045,1.2718446
0,Hafif,1.8763691,7.0736423
0,Hafif,1.9684951,4.8356895
0,Hafif,3.189713,2.7712557
0,Hafif,3.1903472,8.363675
0,Hafif,2.1793,9.488016
0,Hafif,2.2916923,1.927471
0,Hafif,1.5355002,4.395156
0,Hafif,1.2523807,1.8370147
0,Hafif,1.3327076,4.348384
0,Hafif,1.24249,7.0517488
0,Hafif,2.3595653,6.410558
0,Hafif,1.6827912,1.5252302
0,Hafif,1.5422608,6.8789883
0,Hafif,2.7569747,4.7457647
0,Hafif,1.5555421,9.335675
0,Hafif,2.3272643,9.140413
0,Hafif,1.2959985,7.7874265
0,Hafif,1.6100088,7.069429
0,Hafif,1.6527303,5.7278495
0,Hafif,1.4712386,5.5049596
0,Hafif,1.8688805,4.352976
0,Hafif,1.8548768,1.4211078
0,Hafif,1.487023,6.4466143
2,Güçlü,4.7944484,1.3124505
0,Hafif,1.3198019,2.0875814
2,Güçlü,4.3312325,4.6834164
0,Hafif,1.2038409,9.400591
0,Hafif,2.0198781,3.330966
0,Hafif,1.2924712,5.4423265
0,Hafif,1.7667621,7.9153748
0,Hafif,2.4850373,7.7094097
2,Güçlü,5.1803026,4.229235
2,Güçlü,4.030373,2.6182718
0,Hafif,1.3275437,2.8883772
0,Hafif,1.8088244,5.126779
2,Güçlü,4.2872057,5.9005127
0,Hafif,1.7563866,1.8123806
0,Hafif,1.9452871,1.6561236
0,Hafif,2.356881,8.659365
2,Güçlü,4.601498,1.4408213
1,Orta,3.229971,4.3443446
0,Hafif,1.4270424,9.56517
2,Güçlü,4.0933123,7.644497
0,Hafif,1.2072217,3.4369514
0,Hafif,2.3869631,3.1190817
0,Hafif,1.2744498,2.1443996
0,Hafif,1.5204506,6.6922007
0,Hafif,1.2796392,2.1308312
2,Güçlü,4.4915237,8.256204
0,Hafif,1.5531093,3.8217382
0,Hafif,1.2590398,8.243209
0,Hafif,1.7858746,7.8088756
0,Hafif,1.7766566,6.903513
0,Hafif,1.9160944,7.954683
0,Hafif,2.1874278,7.4290533
0,Hafif,1.8362155,8.917219
0,Hafif,1.4994617,1.7821897
2,Güçlü,4.60184,4.654322
0,Hafif,1.4192348,3.8146837
0,Hafif,2.2702885,1.9041451
0,Hafif,2.0858874,1.4667331
0,Hafif,1.1472524,6.18927
0,Hafif,1.2521808,6.0330067
0,Hafif,2.067824,4.9922667
2,Güçlü,4.839276,7.004399
0,Hafif,3.117347,6.2258887
0,Hafif,1.8439798,9.380232
2,Güçlü,3.7874088,4.063916
0,Hafif,1.3044868,3.0277436
2,Güçlü,4.2945724,8.511794
0,Hafif,1.1865534,5.9436755
0,Hafif,1.3860103,1.9780289
0,Hafif,2.9782517,1.7135239
3,Şiddetli,5.4823413,2.0794253
0,Hafif,1.3464532,9.223574
0,Hafif,1.4020332,4.1836414
0,Hafif,1.9439561,5.7657824
2,Güçlü,4.2878017,1.5149102
2,Güçlü,4.147821,4.401887
0,Hafif,2.0968277,8.418836
0,Hafif,1.8377893,2.8645453
0,Hafif,2.3691318,9.645418
0,Hafif,1.880917,5.6918125
0,Hafif,1.2640905,8.17553
0,Hafif,2.0657213,6.242316
2,Güçlü,4.306422,7.887944
0,Hafif,1.8749717,1.2744443
2,Güçlü,4.6379414,5.420453
0,Hafif,1.7656639,9.641555
0,Hafif,1.2715486,4.696566
0,Hafif,1.8712313,4.6899967
0,Hafif,2.3548708,9.108257
2,Güçlü,3.7249084,8.015603
2,Güçlü,4.3077564,2.6553876
0,Hafif,1.0882719,7.050311
0,Hafif,1.2560185,4.280091
1,Orta,3.1115537,6.3501744
0,Hafif,1.2534707,9.125996
0,Hafif,1.1641092,3.6293962
0,Hafif,1.5126008,4.704533
0,Hafif,1.7443213,3.8348556
0,Hafif,2.5304449,9.441437
0,Hafif,1.7079968,8.787299
0,Hafif,1.4298751,8.312617
0,Hafif,2.322598,1.5768872
0,Hafif,1.6894178,5.60452
0,Hafif,1.5081543,4.4841623
0,Hafif,1.2516084,4.7767816
0,Hafif,1.3299754,6.9498873
0,Hafif,1.2675095,8.79454
0,Hafif,1.2756252,5.416605
2,Güçlü,4.278731,4.14112
0,Hafif,1.3101778,5.3045444
2,Güçlü,4.3691506,9.30481
0,Hafif,1.7744586,1.8945696
0,Hafif,1.6786644,7.8656363
0,Hafif,1.4847482,4.8438
0,Hafif,1.7938997,5.884623
0,Hafif,1.1098939,5.82904
0,Hafif,1.7487352,8.767744
0,Hafif,1.5547968,8.585093
0,Hafif,1.9291041,5.392815
0,Hafif,1.4174235,4.4469995
0,Hafif,1.9160011,1.7678735
0,Hafif,2.5524013,2.5555716
2,Güçlü,4.334445,4.418765
0,Hafif,2.2041328,5.5421844
0,Hafif,1.8492601,9.035659
0,Hafif,1.1900278,3.7640681
0,Hafif,2.7221723,1.905931
2,Güçlü,4.1888757,7.8903933
0,Hafif,1.6361578,8.366478
0,Hafif,1.8654203,6.357635
0,Hafif,1.4541818,9.734189
2,Güçlü,4.209057,5.2530794
0,Hafif,1.4505447,2.0449479
1,Orta,3.165726,1.1846011
2,Güçlü,5.2442226,6.5236864
0,Hafif,1.7630937,1.7375245
0,Hafif,1.8933665,9.244805
0,Hafif,1.6483618,3.5635319
0,Hafif,1.3183074,4.905764
0,Hafif,2.2174735,1.8127539
0,Hafif,2.3096766,3.087369
1,Orta,3.2361743,5.0313745
0,Hafif,1.412442,2.4208899
0,Hafif,1.1884956,6.0242953
0,Hafif,1.5953265,9.701202
0,Hafif,1.1449114,5.2503057
1,Orta,3.3745587,8.480365
0,Hafif,1.6570982,4.4922595
0,Hafif,2.0864086,6.9336314
0,Hafif,1.3233821,2.047349
0,Hafif,2.3901393,3.0397344
0,Hafif,1.7801411,6.880002
0,Hafif,2.6665254,5.4446745
0,Hafif,1.5521256,8.581631
0,Hafif,2.1002781,8.942343
0,Hafif,2.0442142,9.399615
0,Hafif,2.5248106,6.655602
0,Hafif,1.5586673,5.1781344
0,Hafif,1.2463168,2.3632252
0,Hafif,1.4164013,8.352172
0,Hafif,1.8116397,8.4972315
0,Hafif,2.5823154,3.1460214
0,Hafif,1.3366908,6.028125
0,Hafif,1.4771076,4.019029
0,Hafif,1.2054604,8.120857
0,Hafif,2.8098361,5.9086404
0,Hafif,2.0044403,6.5296683
2,Güçlü,4.531531,1.0450349
0,Hafif,2.0032413,7.9416547
0,Hafif,2.0702763,9.444571
0,Hafif,1.2003806,3.7313023
0,Hafif,1.9354625,2.3118923
0,Hafif,1.5981724,5.2036095
0,Hafif,1.2885219,3.8681526
0,Hafif,1.1238961,7.116379
0,Hafif,1.5570732,8.721497
0,Hafif,1.6111547,7.4807153
0,Hafif,2.8410451,9.30579
0,Hafif,1.2829618,9.289345
2,Güçlü,4.3560734,6.525463
0,Hafif,1.2390877,5.473802
1,Orta,3.1201088,4.7897363
0,Hafif,1.1713065,3.5051548
0,Hafif,1.3220174,2.2089946
2,Güçlü,4.464287,9.591097
0,Hafif,1.4383012,3.1215386
0,Hafif,2.0679903,5.8561597
0,Hafif,1.3301916,5.427912
0,Hafif,1.1826794,6.011731
0,Hafif,1.3730011,8.999168
2,Güçlü,4.9775777,9.700591
2,Güçlü,4.0458574,2.9848826
0,Hafif,2.0081327,9.1461935
2,Güçlü,4.2821407,8.421185
0,Hafif,1.8619999,3.267902
0,Hafif,2.0941648,7.20118
0,Hafif,1.5002426,4.5916724
0,Hafif,2.7521777,6.4679747
0,Hafif,1.838084,4.827321
0,Hafif,1.2120005,2.632625
0,Hafif,2.2459254,7.3936267
0,Hafif,2.0407195,3.4109862
0,Hafif,1.8509187,7.2976365
0,Hafif,2.0434332,4.504324
0,Hafif,1.3313829,2.031486
2,Güçlü,4.0083084,1.6100643
0,Hafif,1.2436801,8.715238
1,Orta,3.609999,4.1395783
0,Hafif,1.8719636,7.517298
0,Hafif,1.9814824,8.240763
0,Hafif,2.0037756,1.4846009
0,Hafif,1.196897,3.9963906
0,Hafif,1.4608029,2.5697308
0,Hafif,1.7643535,9.570622
1,Orta,3.5089397,8.646882
2,Güçlü,4.9459963,5.6969466
0,Hafif,2.2214944,2.6988575
0,Hafif,1.3504032,4.088352
0,Hafif,2.1547246,9.351335
0,Hafif,2.1088264,2.234937
2,Güçlü,4.298564,2.5525048
0,Hafif,2.1973011,8.1102705
2,Güçlü,4.158275,3.9361005
0,Hafif,1.5458432,4.9856763
2,Güçlü,4.32106,1.3788711
0,Hafif,1.2649931,6.297709
0,Hafif,1.4428009,5.7911057
0,Hafif,1.2113311,1.7764498
0,Hafif,1.8620652,4.551611
0,Hafif,2.6173265,5.788934
2,Güçlü,4.441358,6.840509
1,Orta,3.3297088,2.6633081
2,Güçlü,3.6433008,4.240801
0,Hafif,1.3233433,8.385273
0,Hafif,1.4355675,7.8942976
2,Güçlü,4.463093,5.7329526
0,Hafif,2.061394,8.763951
0,Hafif,2.1091745,6.924994
0,Hafif,1.6139336,4.947739
0,Hafif,2.0663466,4.3117733
2,Güçlü,4.424727,4.9253597
0,Hafif,1.7142596,6.3846073
0,Hafif,1.8045039,4.262527
0,Hafif,1.2279055,3.090978
0,Hafif,1.9879299,8.53916
0,Hafif,2.536499,8.862499
2,Güçlü,5.1682067,7.5414495
0,Hafif,1.4198915,2.0054662
2,Güçlü,4.8059516,8.265696
0,Hafif,1.092605,7.1652694
0,Hafif,1.591248,7.544553
0,Hafif,1.1970356,9.354889
0,Hafif,1.9448929,2.3245301
2,Güçlü,4.3908706,7.7502584
0,Hafif,1.1530707,3.731907
0,Hafif,2.6319294,2.501099
0,Hafif,2.140177,2.7782278
0,Hafif,2.0486798,9.16276
0,Hafif,1.150257,5.0274158
0,Hafif,1.2629915,8.144569
0,Hafif,2.014828,9.411807
2,Güçlü,4.099448,2.2802207
2,Güçlü,4.082681,7.8434134
0,Hafif,1.4153806,2.7742994
0,Hafif,2.1881175,3.6537876
0,Hafif,1.1250772,4.593545
0,Hafif,1.5718626,9.510457
0,Hafif,1.759541,6.177096
0,Hafif,1.84581,3.2364144
0,Hafif,2.232105,3.7108734
0,Hafif,1.1838363,1.6969705
0,Hafif,1.5501577,5.5931067
0,Hafif,1.4340223,8.289329
0,Hafif,1.8601512,9.456676
2,Güçlü,4.11851,3.070122
0,Hafif,2.2975595,9.157719
2,Güçlü,4.18318,2.3549645
0,Hafif,1.2177683,3.5020618
1,Orta,3.0747938,2.1785772
2,Güçlü,3.6828732,9.172002
0,Hafif,2.0442815,6.6499515
0,Hafif,1.8352946,2.7672803
0,Hafif,2.029684,9.713753
0,Hafif,1.3319842,3.4238179
0,Hafif,1.628509,6.2054935
0,Hafif,2.003304,9.671093
0,Hafif,1.2600454,4.0361395
2,Güçlü,4.310959,1.2632014
0,Hafif,1.5691786,1.8197253
0,Hafif,1.2743051,5.3102937
0,Hafif,1.6496179,1.6853917
0,Hafif,1.5422771,7.6929135
0,Hafif,1.1452897,7.533662
0,Hafif,1.4176654,3.1239405
0,Hafif,2.2631958,7.547023
0,Hafif,1.2872616,4.100893
2,Güçlü,4.262001,6.0379853
0,Hafif,1.956951,9.385105
2,Güçlü,4.0004272,3.3563251
0,Hafif,1.2846086,6.064635
0,Hafif,1.7343556,5.602145
2,Güçlü,4.191255,2.8540738
0,Hafif,1.6313114,6.170951
0,Hafif,2.0467787,9.7612095
0,Hafif,1.3174667,1.9346997
2,Güçlü,4.3879056,3.8330727
0,Hafif,2.1923168,3.89165
0,Hafif,1.6697267,9.43938
2,Güçlü,4.9595346,6.0158606
0,Hafif,1.907589,5.2897
0,Hafif,1.1236119,5.435593
0,Hafif,1.7513374,5.2622004
0,Hafif,2.0700095,6.4180093
0,Hafif,1.747259,6.197214
2,Güçlü,4.1688037,7.680664
0,Hafif,1.2924162,2.8129838
0,Hafif,1.2522509,2.3094428
0,Hafif,1.3947601,6.447836
0,Hafif,1.6878995,7.552354
0,Hafif,1.0861521,5.370675
0,Hafif,1.8941184,8.752487
0,Hafif,1.2321392,2.568186
0,Hafif,1.5317091,5.2096934
0,Hafif,1.5112216,2.5926378
2,Güçlü,4.4864016,2.6449893
0,Hafif,1.770057,7.966822
0,Hafif,1.2261562,1.7836864
2,Güçlü,5.398512,8.306955
0,Hafif,1.4695662,1.6780313
0,Hafif,1.827673,4.556839
0,Hafif,2.2460642,3.6262758
0,Hafif,1.7609173,4.340765
0,Hafif,1.2407709,8.064894
0,Hafif,2.9402118,3.199178
0,Hafif,1.732343,3.457278
0,Hafif,2.0345395,2.135121
0,Hafif,1.2505217,7.6028566
0,Hafif,2.3745854,7.6948805
2,Güçlü,4.2382865,2.0102005
0,Hafif,1.8412482,1.9129097
0,Hafif,1.2095916,5.7324147
0,Hafif,1.2786621,4.185099
0,Hafif,1.6686981,2.3267617
0,Hafif,1.8109838,4.128097
0,Hafif,1.3836374,5.637393
0,Hafif,1.741579,7.2864056
0,Hafif,1.6332369,1.6940194
0,Hafif,1.2217938,3.1893322
0,Hafif,2.142565,9.705483
0,Hafif,1.324119,9.1055765
0,Hafif,2.678014,8.443839
0,Hafif,1.7790918,4.6737123
0,Hafif,1.3878207,3.3352416
0,Hafif,3.1050758,9.095287
0,Hafif,1.737371,3.7091734
2,Güçlü,4.5740542,7.111013
0,Hafif,1.4860833,1.5561919
0,Hafif,1.2425872,5.349311
0,Hafif,2.2261384,8.371788
0,Hafif,1.2689774,2.4882143
0,Hafif,1.2982082,6.7725573
0,Hafif,1.5973599,1.4969976
2,Güçlü,4.2405705,7.2608266
0,Hafif,3.1854746,2.6514316
0,Hafif,2.2957735,7.6185284
0,Hafif,1.8667916,2.0728335
2,Güçlü,4.0048895,4.8856483
2,Güçlü,4.757616,9.115805
0,Hafif,1.6535819,3.2071083
0,Hafif,1.8253381,2.7986357
2,Güçlü,5.211893,8.284361
2,Güçlü,4.4106665,2.3787494
0,Hafif,1.8280962,9.762275
0,Hafif,1.9502131,2.019284
0,Hafif,1.73307,5.1758623
0,Hafif,2.113631,7.4990096
0,Hafif,2.2546172,3.7103145
0,Hafif,1.8394601,5.1064377
0,Hafif,1.211201,4.670603
0,Hafif,2.6071475,7.9064083
2,Güçlü,4.204185,8.46016
0,Hafif,1.5954505,1.3544757
0,Hafif,2.8216312,2.276671
0,Hafif,1.9834645,3.3668256
0,Hafif,1.7440504,9.602386
0,Hafif,1.2810836,2.7693615
0,Hafif,1.1942433,2.5190923
0,Hafif,1.3278605,2.3582206
0,Hafif,1.473314,4.048777
2,Güçlü,3.5911655,4.09635
0,Hafif,1.9808222,9.012714
0,Hafif,1.2473187,1.9907831
0,Hafif,1.9324706,9.01302
0,Hafif,1.325981,4.840731
0,Hafif,1.4316713,1.4785651
0,Hafif,2.3527071,1.899214
2,Güçlü,4.691906,3.8095276
0,Hafif,1.707688,7.0258307
0,Hafif,1.7639395,5.108219
0,Hafif,2.0092766,9.383692
0,Hafif,1.3561436,6.9828515
0,Hafif,2.226764,2.5499036
2,Güçlü,4.1446533,1.5370694
0,Hafif,2.849265,4.483073
2,Güçlü,4.167285,3.130957
0,Hafif,1.846661,1.2515254
0,Hafif,1.7128478,2.2120383
0,Hafif,1.3198421,2.1689904
0,Hafif,1.9142056,8.171197
0,Hafif,1.5570728,3.6070874
0,Hafif,1.4973817,2.0693898
0,Hafif,1.5756773,9.671811
0,Hafif,2.2874599,8.938223
0,Hafif,1.9501249,3.2734928
0,Hafif,2.0272899,5.2932014
0,Hafif,1.9630967,6.949697
0,Hafif,3.0376878,8.045687
0,Hafif,1.8206595,6.0840464
0,Hafif,2.0426452,9.339764
0,Hafif,2.3157313,7.207879
2,Güçlü,4.3248663,1.0888722
0,Hafif,2.007274,2.2804554
0,Hafif,2.883862,6.717702
0,Hafif,2.4678185,7.6950192
0,Hafif,2.106343,2.031791
0,Hafif,1.9136665,6.272315
0,Hafif,1.221398,7.65459
0,Hafif,1.4406044,6.1547775
0,Hafif,1.2284105,5.650158
0,Hafif,1.4364253,5.0433736
2,Güçlü,4.1211576,1.6865327
1,Orta,3.1542222,1.9080415
0,Hafif,2.5669944,5.603915
0,Hafif,1.8345075,1.4390242
0,Hafif,1.2756212,8.968789
2,Güçlü,4.571484,7.0808725
0,Hafif,2.4160848,6.49564
0,Hafif,1.8507975,3.3944259
0,Hafif,1.2620237,1.8320252
2,Güçlü,4.2362714,1.7580476
0,Hafif,1.5440297,3.1823273
0,Hafif,1.6762806,6.316104
0,Hafif,1.7937634,8.801213
0,Hafif,2.0195847,5.497145
0,Hafif,1.5473354,7.5949426
0,Hafif,1.8348892,5.4459777
0,Hafif,1.3586116,3.2482035
0,Hafif,1.1864501,1.9152907
0,Hafif,2.3425024,1.6747241
0,Hafif,2.3988998,8.96451
1,Orta,3.610325,1.3542138
0,Hafif,1.4068091,3.839017
0,Hafif,1.2054778,1.9577558
0,Hafif,1.4956769,4.5597095
0,Hafif,1.3038682,4.153442
2,Güçlü,4.2960033,9.112858
2,Güçlü,3.8395455,7.763837
0,Hafif,1.4614927,6.8970246
0,Hafif,2.8413186,3.0867448
0,Hafif,2.0882578,5.249754
0,Hafif,1.2886256,9.588092
0,Hafif,1.3354714,4.4515505
0,Hafif,2.468467,4.808759
0,Hafif,2.0697908,5.232208
0,Hafif,1.7669246,6.227081
0,Hafif,2.0987308,5.132846
0,Hafif,1.8834472,7.769685
0,Hafif,2.4524784,8.504903
0,Hafif,1.389464,7.0403934
2,Güçlü,4.0631595,6.441344
0,Hafif,1.5077205,2.1279988
2,Güçlü,4.427095,1.1713573
2,Güçlü,4.097292,3.57764
0,Hafif,1.9674371,5.1959295
0,Hafif,1.3097272,5.364573
0,Hafif,2.0717733,1.1950656
0,Hafif,2.0560083,6.43831
0,Hafif,1.1511123,7.2523193
1,Orta,3.1700668,2.0257647
0,Hafif,1.1484766,4.229989
0,Hafif,1.2290931,5.3153834
2,Güçlü,4.043826,3.3055131
0,Hafif,1.7396802,5.703707
0,Hafif,1.88331,4.62261
2,Güçlü,3.8751044,6.5432377
2,Güçlü,5.2104635,7.840483
0,Hafif,1.4662222,9.160733
0,Hafif,2.1601186,2.0783658
2,Güçlü,4.500713,7.1410484
0,Hafif,2.136197,1.7966317
0,Hafif,2.3775678,1.1936733
0,Hafif,1.525275,1.9366724
0,Hafif,1.9599577,8.808699
0,Hafif,1.7569163,2.065574
0,Hafif,1.5403756,2.802588
2,Güçlü,4.751527,3.5327497
0,Hafif,1.361842,4.485066
2,Güçlü,4.2105255,6.8067784
0,Hafif,1.8764683,6.9948354
0,Hafif,2.168537,3.563675
0,Hafif,1.9095938,8.819448
0,Hafif,1.3881711,6.8922753
0,Hafif,2.6316116,6.6786222
0,Hafif,1.925078,7.8310847
0,Hafif,2.2412434,2.792534
0,Hafif,1.5556788,6.983784
0,Hafif,1.257361,4.479907
0,Hafif,2.1554549,1.6332977
0,Hafif,1.9572188,5.0319066
0,Hafif,1.4180223,3.2886178
0,Hafif,2.0502608,9.564464
0,Hafif,1.2713802,9.164581
0,Hafif,1.7053887,4.653871
0,Hafif,1.3922747,7.305672
0,Hafif,1.2274284,1.9356382
0,Hafif,3.1182742,5.4741573
0,Hafif,2.8643882,8.351061
0,Hafif,1.5769837,3.5353422
0,Hafif,2.1729352,7.5941086
1,Orta,3.1745574,7.7262974
0,Hafif,1.8522794,7.1419573
0,Hafif,1.8095477,5.501184
0,Hafif,1.146159,6.21041
2,Güçlü,4.0894427,2.912205
0,Hafif,1.4435667,7.5620317
0,Hafif,2.3086793,2.9794831
0,Hafif,1.7405169,8.160678
0,Hafif,1.7594472,2.290562
0,Hafif,1.5532092,9.719574
0,Hafif,1.4821029,2.1214838
0,Hafif,1.5767826,7.2311945
0,Hafif,1.621612,8.297561
0,Hafif,1.8881333,1.2509865
0,Hafif,1.2408968,3.4371138
0,Hafif,2.165083,9.104376
0,Hafif,2.3359482,1.3950672
0,Hafif,1.3836986,5.6281466
0,Hafif,1.2477447,5.5169644
2,Güçlü,4.138035,1.6080936
0,Hafif,2.2094615,1.6480273
0,Hafif,1.2503123,2.5898426
0,Hafif,1.8901495,7.619621
0,Hafif,2.1064744,2.0716333
0,Hafif,1.7637031,1.5409641
0,Hafif,1.9303387,9.447802
0,Hafif,1.5441643,2.833019
2,Güçlü,4.532617,3.907395
0,Hafif,1.4627715,4.9482207
0,Hafif,1.7388743,4.2497396
0,Hafif,2.3720243,6.0292196
0,Hafif,1.1618795,3.7784173
2,Güçlü,4.0582924,4.2891507
0,Hafif,1.5050246,5.2147384
0,Hafif,2.0716043,3.8636725
2,Güçlü,4.629203,4.021553
0,Hafif,1.6694517,6.8921976
0,Hafif,1.9397485,1.2622964
2,Güçlü,4.6876264,8.322055
0,Hafif,2.4858553,2.6204765
0,Hafif,1.8115387,5.307191
0,Hafif,2.2142613,8.340079
2,Güçlü,4.168407,5.875406
2,Güçlü,4.7858214,5.5567036
0,Hafif,2.3378506,4.62001
0,Hafif,1.6465766,3.8938227
0,Hafif,1.5301154,8.618636
0,Hafif,1.5571553,5.164014
0,Hafif,1.2694678,4.9686832
2,Güçlü,4.1194134,1.4666872
0,Hafif,1.9279453,2.4171598
0,Hafif,1.372955,2.1920526
0,Hafif,1.3615799,1.8300065
0,Hafif,1.8488623,6.1159267
2,Güçlü,4.708364,5.2208433
0,Hafif,1.4041499,3.3261127
0,Hafif,1.6975547,4.9569654
0,Hafif,2.0345592,2.4753294
0,Hafif,1.3522481,4.7420716
0,Hafif,1.8377209,6.3028975
0,Hafif,1.287137,4.044237
0,Hafif,3.0503924,6.81422
0,Hafif,1.6071848,5.6744766
0,Hafif,2.6682117,6.175878
0,Hafif,2.3233657,7.7737336
2,Güçlü,4.0144844,8.358537
0,Hafif,1.7428374,5.379332
0,Hafif,1.8048007,2.3856843
0,Hafif,1.349659,8.397655
2,Güçlü,3.8801503,3.9880173
0,Hafif,1.6233934,2.5239878
0,Hafif,2.2489803,5.7993894
0,Hafif,1.3537493,3.2564228
0,Hafif,2.0454865,7.421471
0,Hafif,3.046964,1.1708483
0,Hafif,1.6791474,7.504069
2,Güçlü,4.603062,6.7030983
0,Hafif,2.0242503,8.296012
0,Hafif,1.5915145,3.2081525
0,Hafif,1.4313496,6.867374
0,Hafif,1.211961,1.5690324
0,Hafif,2.1109014,3.069546
2,Güçlü,3.7781744,8.366531
0,Hafif,1.5097598,3.0631995
0,Hafif,2.0452251,8.887865
1,Orta,3.2610984,4.09272
0,Hafif,2.518224,9.113162
2,Güçlü,5.258499,2.498613
2,Güçlü,4.383994,3.5194206
2,Güçlü,3.8961666,1.1309996
2,Güçlü,4.5122147,1.3222003
0,Hafif,1.6186813,8.711243
0,Hafif,1.5754446,3.0364482
0,Hafif,1.6648723,7.569789
0,Hafif,1.9866942,5.8020687
0,Hafif,1.6764418,8.06239
2,Güçlü,4.569949,5.652353
0,Hafif,1.6957748,7.713904
0,Hafif,1.3749894,6.29285
0,Hafif,1.9967052,3.139135
0,Hafif,2.8320339,4.712249
0,Hafif,1.8717157,4.5950994
2,Güçlü,4.3552938,8.054621
0,Hafif,2.1090758,2.286272
0,Hafif,1.3204519,6.4110456
0,Hafif,1.7606168,2.1915896
2,Güçlü,3.983567,5.7795687
0,Hafif,1.510202,1.6505667
0,Hafif,1.8377352,8.749313
0,Hafif,1.716043,6.7815323
0,Hafif,1.2915174,2.8520932
0,Hafif,1.2113203,5.9909825
0,Hafif,2.381939,4.5970306
0,Hafif,1.4383409,6.561329
0,Hafif,1.7485073,3.1857734
0,Hafif,1.313354,8.958964
0,Hafif,1.5426097,5.651172
0,Hafif,1.1507956,5.296294
2,Güçlü,4.2563944,4.3288417
0,Hafif,2.4316766,1.6613482
0,Hafif,1.8667755,6.1666055
0,Hafif,1.3960509,7.8431087
2,Güçlü,4.470769,9.0067625
2,Güçlü,4.0168777,3.8696592
0,Hafif,1.72617,2.9789538
0,Hafif,2.4291952,8.860142
0,Hafif,1.8179982,1.443027
2,Güçlü,3.5829053,5.38261
2,Güçlü,5.210172,1.3794919
0,Hafif,1.7361953,5.8123207
0,Hafif,2.3430657,2.996194
3,Şiddetli,5.4335136,5.81517
0,Hafif,1.1669655,4.3530054
0,Hafif,1.3470253,6.4168773
0,Hafif,1.2445743,8.091726
0,Hafif,1.5351729,7.9790983
0,Hafif,1.8927858,5.3458176
2,Güçlü,4.0587473,1.6925311
0,Hafif,2.121529,4.857001
0,Hafif,2.1068635,3.8670702
0,Hafif,2.3440232,7.5021133
0,Hafif,1.3293977,5.9340215
2,Güçlü,3.9094982,4.045945
0,Hafif,1.6201111,7.7781982
0,Hafif,2.4296386,2.2919266
0,Hafif,1.4180448,6.9472675
0,Hafif,1.2210025,1.9177872
0,Hafif,2.7060347,6.019874
0,Hafif,1.545509,4.110872
0,Hafif,1.3108803,9.12974
0,Hafif,1.4735309,8.165014
0,Hafif,1.5360316,4.7312565
0,Hafif,1.1804637,8.142792
0,Hafif,2.4602568,9.208787
0,Hafif,1.929422,7.125018
0,Hafif,1.4532299,4.0849013
0,Hafif,1.6680436,6.0365987
2,Güçlü,4.1727557,5.3814836
0,Hafif,2.8368576,4.0522604
0,Hafif,2.2191377,6.0889897
0,Hafif,1.9605178,1.5548081
2,Güçlü,3.7087774,3.496803
0,Hafif,1.6241164,2.707534
0,Hafif,1.4086314,1.5786964
2,Güçlü,4.035157,8.220113
0,Hafif,1.9348897,1.8585142
0,Hafif,1.1348326,4.5646224
2,Güçlü,4.2439904,3.241414
0,Hafif,1.4587075,6.1397653
0,Hafif,2.4826667,5.5899944
2,Güçlü,4.2070565,3.9190247
2,Güçlü,3.843409,1.9797808
0,Hafif,1.61081,8.09186
0,Hafif,1.4950379,7.432362
0,Hafif,1.4406437,5.8063087
0,Hafif,1.2023059,4.4336834
0,Hafif,2.4866068,9.405591
0,Hafif,1.3018779,9.416628
0,Hafif,2.2881687,6.1272
2,Güçlü,4.4041605,3.8677664
0,Hafif,1.3001233,2.507679
2,Güçlü,4.165136,9.611155
0,Hafif,2.572656,9.558194
0,Hafif,1.7082043,8.0327
0,Hafif,1.1995686,4.21108
0,Hafif,1.3483906,7.376936
2,Güçlü,4.1790404,9.561495
0,Hafif,1.6740451,2.0528905
0,Hafif,1.6612118,6.149987
0,Hafif,1.3885348,8.218465
0,Hafif,1.7807163,8.676098
0,Hafif,1.5375574,5.8864202
0,Hafif,1.1666013,4.464832
0,Hafif,1.9420445,2.237829
0,Hafif,1.6777946,8.140534
0,Hafif,2.4120436,7.1063333
0,Hafif,1.6977267,6.8414636
0,Hafif,2.1057239,9.765784
0,Hafif,2.0365303,8.872236
0,Hafif,1.4561197,6.156949
0,Hafif,2.2943494,3.1582134
0,Hafif,2.0860927,1.3535709
0,Hafif,1.3404093,8.805809
2,Güçlü,4.598156,9.591602
0,Hafif,1.6906252,8.090402
0,Hafif,2.0970225,7.5815654
0,Hafif,1.6996622,7.9501977
2,Güçlü,3.8798716,9.464476
0,Hafif,2.3974886,4.39651
1,Orta,3.4174016,1.9622257
0,Hafif,1.1490445,4.374532
2,Güçlü,4.30997,8.355003
0,Hafif,1.5603776,4.123732
0,Hafif,2.052469,5.3649445
0,Hafif,1.9110092,7.0778975
0,Hafif,1.2625669,3.9826136
0,Hafif,1.6441818,5.3809123
0,Hafif,1.293735,9.276271
2,Güçlü,4.6922965,3.6797557
0,Hafif,2.5057974,7.401228
0,Hafif,2.7203093,3.98623
0,Hafif,2.5073326,8.05703
0,Hafif,1.6223505,4.622527
0,Hafif,1.3141859,4.3028736
0,Hafif,1.7266881,8.117617
0,Hafif,2.8034694,4.11327
0,Hafif,1.4522794,7.9449115
0,Hafif,1.9237282,6.6517625
0,Hafif,1.5080435,6.9926796
0,Hafif,2.0185812,7.061754
0,Hafif,1.3935187,3.2795734
0,Hafif,1.2819692,3.537545
0,Hafif,2.1923254,4.847633
0,Hafif,2.8840055,1.9600192
0,Hafif,1.4896233,8.349418
0,Hafif,2.3191423,2.6318152
0,Hafif,2.1113763,5.0825834
0,Hafif,1.2285588,8.957226
0,Hafif,1.3928311,4.4059706
0,Hafif,1.341263,7.087959
0,Hafif,1.3793892,2.9931679
0,Hafif,2.0704012,1.5514733
0,Hafif,1.3593918,1.607651
2,Güçlü,4.3768444,1.1336598
2,Güçlü,4.0151143,2.112104
0,Hafif,1.5756134,1.9637601
2,Güçlü,4.508631,4.698593
0,Hafif,1.6159552,4.711047
0,Hafif,1.6951946,8.34676
0,Hafif,1.486301,9.102539
0,Hafif,1.5194485,6.7287784
0,Hafif,1.8303572,3.4490445
1,Orta,3.2217662,6.1421475
2,Güçlü,4.084755,2.4742186
0,Hafif,2.6091297,8.169602
0,Hafif,1.7572778,1.7761247
0,Hafif,1.2682644,6.3564005
0,Hafif,2.0389044,4.6673408
0,Hafif,1.134764,6.2941127
0,Hafif,1.3470888,4.4941893
0,Hafif,1.4558132,2.8237054
0,Hafif,2.1304426,2.5383565
0,Hafif,1.4233776,1.4264405
0,Hafif,1.3436241,3.9380288
0,Hafif,1.2307428,3.6008618
0,Hafif,1.5511304,1.3478967
2,Güçlü,4.711069,2.8947253
0,Hafif,1.6661096,9.3942585
0,Hafif,1.3889532,2.2726326
0,Hafif,1.4429764,4.4477205
0,Hafif,1.6990927,7.782089
0,Hafif,1.8410033,7.622138
2,Güçlü,4.3109727,8.445723
0,Hafif,1.2715534,9.120814
2,Güçlü,3.9894993,6.067671
2,Güçlü,4.231765,5.3049083
0,Hafif,2.0055456,6.076146
0,Hafif,2.082727,5.271997
0,Hafif,1.2321844,3.5298157
0,Hafif,1.7734731,7.817555
0,Hafif,1.6586636,9.183888
0,Hafif,1.5144273,8.330598
0,Hafif,2.1884139,2.483996
0,Hafif,1.8468311,7.7199774
0,Hafif,1.502085,1.5271969
0,Hafif,1.4390787,8.38227
0,Hafif,1.9986093,8.079803
2,Güçlü,3.9906797,8.96595
0,Hafif,1.8142122,2.3914773
0,Hafif,1.8034161,4.3305097
0,Hafif,2.1309516,5.1017356
0,Hafif,2.4056308,5.418722
0,Hafif,1.2379991,1.5624529
0,Hafif,2.396385,6.518866
0,Hafif,2.7617435,9.336979
0,Hafif,1.4560819,5.013642
0,Hafif,1.6059057,8.209208
0,Hafif,2.3672106,5.5975637
0,Hafif,2.2673175,2.3659906
0,Hafif,2.2092686,3.3237252
0,Hafif,2.0853858,9.36668
2,Güçlü,4.781888,9.099978
0,Hafif,1.2607031,2.6989095
0,Hafif,1.5177697,2.565933
0,Hafif,1.9897671,5.188978
0,Hafif,1.4296498,9.1464
0,Hafif,1.5425568,6.9572577
0,Hafif,1.3265477,9.4584055
2,Güçlü,4.2019324,4.0741367
0,Hafif,1.685924,1.9669845
0,Hafif,1.8694265,4.2270446
1,Orta,3.1948478,4.7358694
0,Hafif,1.3891937,2.0191696
0,Hafif,1.5275257,7.0261254
0,Hafif,1.3181769,4.684432
0,Hafif,1.6650891,9.742606
0,Hafif,1.6348242,6.6510506
0,Hafif,3.1417856,6.86148
0,Hafif,1.1253461,6.611525
0,Hafif,1.6006215,7.6534615
0,Hafif,1.292924,5.9897137
0,Hafif,1.1470921,4.624362
2,Güçlü,4.3775053,8.786477
2,Güçlü,4.1861815,1.6400405
0,Hafif,2.15337,6.7638645
0,Hafif,1.6197306,5.7360716
0,Hafif,2.2239883,5.747875
2,Güçlü,4.603213,4.263373
2,Güçlü,4.251584,5.447881
2,Güçlü,4.4326196,4.6563983
0,Hafif,1.1216912,6.096346
0,Hafif,1.5036336,5.785454
0,Hafif,2.2976105,6.724354
0,Hafif,1.1535484,8.689674
0,Hafif,1.48216,9.355208
0,Hafif,2.291464,6.572876
0,Hafif,1.4875474,9.396296
0,Hafif,2.0645442,1.2378575
0,Hafif,1.160108,6.8388033
0,Hafif,1.9437158,4.843899
0,Hafif,2.3309548,7.7795587
0,Hafif,1.4167889,3.7942731
0,Hafif,1.0927875,5.375447
1,Orta,3.5650694,5.1443143
0,Hafif,1.861028,6.8455286
0,Hafif,1.5497473,2.2934406
0,Hafif,1.6741551,5.47602
0,Hafif,1.4378026,8.0066595
0,Hafif,1.4284946,4.785284
0,Hafif,1.75789,7.554799
0,Hafif,1.1618927,8.133085
2,Güçlü,4.429733,3.3995225
0,Hafif,1.7751024,7.510573
0,Hafif,1.8906097,7.2804856
0,Hafif,1.7474914,9.739265
0,Hafif,1.6907656,7.5115995
0,Hafif,2.0852685,5.684903
0,Hafif,1.4546485,9.5072975
2,Güçlü,3.9862492,7.28251
0,Hafif,1.9329135,2.6373656
0,Hafif,1.2486411,4.3755236
2,Güçlü,4.2657056,0.980526
0,Hafif,1.616705,2.4079456
2,Güçlü,4.8417716,4.144427
0,Hafif,1.236981,5.1159596
0,Hafif,3.0676284,2.5111673
0,Hafif,1.8929055,7.341712
0,Hafif,1.3116558,7.2561526
0,Hafif,1.850088,2.8260562
0,Hafif,1.4475423,5.193747
2,Güçlü,5.085881,3.1545055
0,Hafif,1.4015818,3.8106005
0,Hafif,2.5488434,3.7238555
0,Hafif,2.2264636,9.348031
0,Hafif,1.9502045,2.0224879
0,Hafif,2.1944826,6.524867
2,Güçlü,4.1339016,2.8597386
0,Hafif,2.4388762,5.793101
0,Hafif,2.2936509,2.7772868
0,Hafif,1.6739173,7.385998
0,Hafif,1.4361299,2.243824
0,Hafif,1.505998,2.0932465
2,Güçlü,4.392602,3.717651
0,Hafif,1.2547697,4.0231433
0,Hafif,1.5178361,2.841422
0,Hafif,1.5639476,6.7696104
0,Hafif,1.2763155,7.3393755
0,Hafif,1.5219642,1.4884675
0,Hafif,2.227186,9.399487
0,Hafif,1.6384624,2.3137374
0,Hafif,2.012563,3.8959408
0,Hafif,1.4981798,1.9000741
0,Hafif,2.5005786,8.629243
2,Güçlü,4.0711083,2.6795948
0,Hafif,2.1302927,7.7531815
0,Hafif,2.1347346,6.5890155
0,Hafif,1.1524919,6.5371237
0,Hafif,1.4859797,2.7313302
0,Hafif,2.1598482,2.1654515
0,Hafif,1.4949213,7.071218
0,Hafif,1.4124582,7.7752814
0,Hafif,1.9769164,4.260376
1,Orta,3.4371185,7.437668
2,Güçlü,4.097854,2.2696178
0,Hafif,2.216882,8.632863
0,Hafif,1.4526811,2.2155125
0,Hafif,1.146971,6.1080613
0,Hafif,1.751107,2.8173892
0,Hafif,1.3397335,5.388892
2,Güçlü,4.693962,7.785199
0,Hafif,1.2497902,2.590473
2,Güçlü,5.269492,9.764812
2,Güçlü,4.0422883,7.4880753
0,Hafif,2.074538,9.360661
0,Hafif,1.3179678,2.8942254
0,Hafif,2.0920706,1.3724976
0,Hafif,1.4043851,7.419258
1,Orta,3.291763,3.4726012
0,Hafif,2.5898404,5.552491
0,Hafif,1.325417,3.7706118
0,Hafif,1.4764472,9.255262
0,Hafif,2.5125825,3.2764258
0,Hafif,1.6191732,2.1922178
0,Hafif,1.6150304,7.6334763
0,Hafif,2.7698407,1.3766401
0,Hafif,2.9198585,8.447468
0,Hafif,1.8537272,7.224406
0,Hafif,1.7315702,5.8567963
0,Hafif,1.5748036,8.969882
1,Orta,3.8469634,2.5138595
1,Orta,3.5433826,1.0809369
0,Hafif,1.4910195,6.9945655
0,Hafif,1.4419935,2.1787055
0,Hafif,1.2846695,8.165116
0,Hafif,1.4383513,4.9317756
0,Hafif,1.1980917,9.346547
0,Hafif,1.3094811,4.405421
2,Güçlü,4.5868735,9.388209
0,Hafif,2.2514968,9.673551
0,Hafif,1.3795637,7.550287
0,Hafif,1.6661913,5.207595
2,Güçlü,4.2970877,4.22086
0,Hafif,1.2322272,3.3493834
2,Güçlü,4.2322326,2.7847862
0,Hafif,1.6483371,1.8209431
0,Hafif,2.9884617,5.469031
2,Güçlü,4.1138244,8.217801
2,Güçlü,4.08231,5.2481923
0,Hafif,2.8177302,3.7949522
2,Güçlü,4.175689,3.4955325
0,Hafif,1.9375556,2.145829
0,Hafif,2.065313,4.479252
0,Hafif,1.570041,7.5182066
0,Hafif,1.8862758,2.3283484
0,Hafif,1.9424368,1.6530066
0,Hafif,1.1830825,2.3371077
0,Hafif,2.5092173,6.408571
0,Hafif,2.0190928,2.750902
2,Güçlü,4.0293527,3.186827
0,Hafif,1.5889755,2.0844586
2,Güçlü,4.164535,8.553097
0,Hafif,1.7161899,5.793293
0,Hafif,1.8958468,3.8535373
0,Hafif,1.6557691,4.3327856
0,Hafif,2.1724656,6.2688465
0,Hafif,1.8842797,6.677208
0,Hafif,1.6213071,8.973199
0,Hafif,1.5196958,8.097032
2,Güçlü,3.9093466,6.624131
0,Hafif,1.8365155,8.932379
1,Orta,3.5291228,8.386811
0,Hafif,1.8553369,1.769263
0,Hafif,2.3861074,7.7710757
0,Hafif,1.5061315,1.6461834
0,Hafif,1.2731614,9.488327
2,Güçlü,3.9822452,7.2208114
2,Güçlü,3.9631915,8.716818
2,Güçlü,4.638993,8.841446
0,Hafif,1.5938289,2.8570778
1,Orta,3.2393575,3.1651917
2,Güçlü,4.2292714,1.1168871
0,Hafif,2.2164352,2.305881
0,Hafif,1.7700621,9.161348
0,Hafif,2.4225905,5.600736
0,Hafif,1.4670892,4.0112286
0,Hafif,1.4968706,2.0994763
0,Hafif,1.5287795,4.570346
0,Hafif,2.1324084,8.743049
0,Hafif,1.587696,4.6296787
0,Hafif,2.1559923,1.8315759
0,Hafif,1.5836761,8.130926
2,Güçlü,4.8673353,7.68583
0,Hafif,1.7372379,3.6862617
2,Güçlü,4.287292,9.039865
0,Hafif,1.1751031,5.6621475
0,Hafif,1.2363393,7.637065
0,Hafif,2.1873193,4.3805737
0,Hafif,1.7687278,6.9011397
0,Hafif,1.207392,9.053525
1,Orta,3.4386594,4.8620467
0,Hafif,1.181776,2.4750469
0,Hafif,2.1072676,7.876963
0,Hafif,1.8600813,4.790454
0,Hafif,2.4070127,1.7373587
0,Hafif,1.8262657,1.5359068
0,Hafif,1.5158391,3.018982
0,Hafif,2.8680465,9.621803
0,Hafif,2.4011178,2.8327467
0,Hafif,2.872372,9.396999
2,Güçlü,5.2431135,1.701528
0,Hafif,1.8993795,8.656044
2,Güçlü,4.3446565,6.6506143
0,Hafif,1.3747193,8.712484
0,Hafif,1.2257158,3.5203435
0,Hafif,1.8273761,3.3178473
0,Hafif,1.692012,7.0239573
2,Güçlü,4.610242,8.252966
0,Hafif,1.4758967,6.454143
0,Hafif,1.3127432,7.994235
2,Güçlü,4.1052713,6.718298
0,Hafif,1.6667527,5.861244
2,Güçlü,4.3944445,1.5049917
0,Hafif,1.266809,2.103852
0,Hafif,2.7790844,9.068255
0,Hafif,1.2011113,8.88166
0,Hafif,1.5703628,9.400109
0,Hafif,2.9245987,4.9729156
0,Hafif,1.3083607,8.095569
0,Hafif,3.0428703,5.990598
0,Hafif,1.2521979,5.5563707
0,Hafif,1.7398123,7.419891
0,Hafif,1.915117,1.7604411
0,Hafif,1.6888548,1.33082
0,Hafif,2.3150485,5.1986637
0,Hafif,1.3050798,5.293193
0,Hafif,1.2325848,7.320568
0,Hafif,1.1774448,6.654789
0,Hafif,1.8062475,1.2605776
0,Hafif,1.852458,6.81895
0,Hafif,1.5914004,7.376166
0,Hafif,2.1201122,9.651475
0,Hafif,1.8257196,9.19007
0,Hafif,1.7151395,2.7691276
0,Hafif,1.5535916,9.37363
0,Hafif,1.6708542,9.470824
0,Hafif,1.7732491,5.288672
0,Hafif,1.489817,2.088316
0,Hafif,1.8683362,9.0894985
0,Hafif,1.4409804,3.9642575
0,Hafif,1.7649745,2.231609
0,Hafif,1.2462792,5.0331693
0,Hafif,2.8873389,8.154574
0,Hafif,1.3390445,8.023766
0,Hafif,1.9329082,6.9159007
0,Hafif,1.6796712,3.3914979
2,Güçlü,4.3410296,6.3829303
0,Hafif,2.6665459,4.1914263
2,Güçlü,4.602374,8.168968
0,Hafif,1.3874114,3.3046353
0,Hafif,1.2460465,3.0128634
0,Hafif,1.4402214,5.5442505
0,Hafif,1.6699615,9.463486
0,Hafif,1.2883399,6.747861
0,Hafif,1.4838676,8.393752
0,Hafif,2.0852878,6.4221973
0,Hafif,1.186056,5.171176
2,Güçlü,4.440922,4.2861023
2,Güçlü,4.382908,8.938205
2,Güçlü,4.2173724,1.1674342
0,Hafif,1.3574833,1.522304
2,Güçlü,4.421776,4.78751
0,Hafif,1.5918175,8.024934
2,Güçlü,4.8129086,5.911254
0,Hafif,1.6991502,8.597728
0,Hafif,1.7122315,8.489587
0,Hafif,1.9629332,8.633527
0,Hafif,1.4404304,7.896685
0,Hafif,2.1763318,5.261657
0,Hafif,2.214022,8.456159
0,Hafif,1.3682956,5.4967027
0,Hafif,1.8926214,7.668963
0,Hafif,1.4580709,1.6692483
0,Hafif,1.3720272,8.832914
0,Hafif,1.1742682,8.164441
0,Hafif,2.3662798,7.5329013
0,Hafif,2.0776858,5.813016
2,Güçlü,4.025118,2.0391493
2,Güçlü,4.131401,2.6801317
0,Hafif,1.691342,1.5336434
2,Güçlü,4.2238803,3.7885964
0,Hafif,1.7805758,2.5742443
0,Hafif,1.1180373,4.553142
0,Hafif,2.5281165,8.676169
0,Hafif,1.3334345,5.4957457
0,Hafif,1.5870234,4.793502
0,Hafif,2.0887306,4.65746
2,Güçlü,4.358007,2.3379216
0,Hafif,2.4013743,8.443981
2,Güçlü,3.8916836,0.9277123
0,Hafif,1.4005436,9.710738
0,Hafif,1.7403935,8.740498
0,Hafif,1.2051698,9.397663
0,Hafif,2.0229058,2.570577
0,Hafif,1.9176944,4.4841022
3,Şiddetli,5.4292774,5.3749633
0,Hafif,2.6631548,6.5228543
2,Güçlü,4.325376,8.738578
0,Hafif,1.4223201,3.5824404
0,Hafif,1.5663604,6.077727
2,Güçlü,4.2442756,9.135574
0,Hafif,2.7405808,5.3672905
0,Hafif,2.139099,9.008882
0,Hafif,1.5861567,3.4559705
0,Hafif,1.3287169,2.5767329
0,Hafif,2.0102305,2.1883767
0,Hafif,1.2267717,4.8789825
0,Hafif,1.1328952,5.400883
0,Hafif,1.4821028,6.8558125
2,Güçlü,4.1886907,2.3867528
0,Hafif,1.1623133,4.57483
2,Güçlü,4.650395,8.995951
0,Hafif,1.6435518,9.079805
0,Hafif,1.6908728,8.7995405
0,Hafif,1.6310153,4.9503903
0,Hafif,1.8688571,3.5804183
0,Hafif,2.4835553,6.7704673
0,Hafif,1.6483977,2.3142226
0,Hafif,1.4055575,7.4307475
0,Hafif,2.0883582,1.9834216
0,Hafif,1.6252362,9.264597
0,Hafif,1.2547326,2.6199675
0,Hafif,1.1766645,4.641429
0,Hafif,1.750711,9.616124
0,Hafif,1.2063296,2.7425926
0,Hafif,1.8326272,3.6249003
0,Hafif,1.5685467,1.5474675
0,Hafif,1.6995292,2.0723684
0,Hafif,2.057934,2.9067807
0,Hafif,1.8439636,8.866498
0,Hafif,2.4377015,5.4454684
0,Hafif,1.9509574,5.8940954
0,Hafif,1.4944308,2.2970963
0,Hafif,1.4432182,7.44902
2,Güçlü,3.58365,6.5545216
0,Hafif,1.7685459,3.7686136
0,Hafif,1.9828488,1.2235193
0,Hafif,2.3081067,1.8535253
2,Güçlü,4.3355193,6.396131
2,Güçlü,4.6701508,2.7686064
0,Hafif,1.3680309,9.369622
0,Hafif,1.7848375,2.1033623
2,Güçlü,4.212254,8.882848
0,Hafif,1.2359316,1.5253834
0,Hafif,1.9298757,1.7577901
1,Orta,3.320363,7.236534
2,Güçlü,4.2867756,8.984422
0,Hafif,1.5463327,2.3447
0,Hafif,2.096892,2.45577
0,Hafif,3.0383453,7.944598
0,Hafif,2.4275064,6.310997
2,Güçlü,4.368079,7.1527424
0,Hafif,1.3159236,6.01849
0,Hafif,2.2069921,8.327322
0,Hafif,1.3359128,8.488063
0,Hafif,1.6740139,6.450198
0,Hafif,2.1332235,7.356566
0,Hafif,1.2130466,3.4870734
0,Hafif,2.55993,2.8969862
0,Hafif,2.7125204,3.3082888
0,Hafif,1.4705628,9.556118
0,Hafif,1.5805788,3.7426877
0,Hafif,1.3130503,7.9573884
0,Hafif,1.2361903,4.224529
0,Hafif,2.421768,1.8214068
0,Hafif,2.6789017,5.4267244
0,Hafif,2.0670626,5.342143
0,Hafif,1.4703747,5.275975
2,Güçlü,4.328059,8.815435
0,Hafif,2.4492235,6.517178
0,Hafif,1.4213884,1.3861831
0,Hafif,1.7881067,2.884109
0,Hafif,1.5568902,4.8129954
0,Hafif,1.7723868,4.4134483
0,Hafif,1.2450871,3.3184266
2,Güçlü,4.6198606,7.4997735
0,Hafif,1.757147,4.4673986
2,Güçlü,4.4019,8.626578
2,Güçlü,4.094174,6.251972
2,Güçlü,4.518997,2.0490756
0,Hafif,1.4215595,5.1738906
0,Hafif,2.456176,3.0242875
0,Hafif,2.0738235,5.353366
0,Hafif,1.6786671,9.678271
0,Hafif,2.0250146,8.369265
2,Güçlü,4.3867164,7.3630037
0,Hafif,1.8728684,1.7381057
0,Hafif,1.3270787,4.755029
0,Hafif,1.6747555,1.4329144
0,Hafif,2.2555008,7.300351
0,Hafif,1.2882377,6.017886
0,Hafif,1.1238697,5.915349
2,Güçlü,4.1632323,9.5388565
0,Hafif,1.5405692,3.9636543
0,Hafif,2.4848676,7.624562
0,Hafif,2.266887,7.9173646
0,Hafif,1.2645422,2.6053703
0,Hafif,1.5683074,8.953992
0,Hafif,1.7128512,5.4603314
0,Hafif,1.9809327,7.788232
0,Hafif,1.4925628,5.7232733
0,Hafif,2.6054893,9.161644
0,Hafif,3.0011847,2.5640087
0,Hafif,1.2524344,4.11139
0,Hafif,1.1790942,8.654786
0,Hafif,1.374618,8.955687
0,Hafif,2.4993782,2.1043963
2,Güçlü,4.0753846,5.426727
0,Hafif,1.5596035,2.62682
0,Hafif,1.3327569,5.0329328
0,Hafif,1.6483614,8.726281
0,Hafif,1.2106946,9.527376
0,Hafif,1.3315051,4.7441063
0,Hafif,1.3540523,8.526919
0,Hafif,1.2115333,3.814969
0,Hafif,2.5274594,4.9458423
0,Hafif,2.204097,5.9349017
0,Hafif,2.5890336,2.9925883
0,Hafif,1.8818542,8.468431
0,Hafif,1.1834371,4.338781
0,Hafif,1.2718943,7.8885474
0,Hafif,1.8947788,3.979198
0,Hafif,2.9586546,5.0284543
0,Hafif,1.1165441,4.1106567
0,Hafif,2.2801673,4.662758
0,Hafif,1.9868152,1.3096637
0,Hafif,1.3939456,2.305888
2,Güçlü,4.004127,8.433376
0,Hafif,1.589204,4.7568073
0,Hafif,1.9561404,7.589891
0,Hafif,2.352072,4.766859
0,Hafif,1.3198205,7.274564
0,Hafif,1.4078059,1.7224972
0,Hafif,1.2986157,7.674034
0,Hafif,1.8688287,1.76042
0,Hafif,1.4416081,1.7936786
0,Hafif,1.7839537,4.1110396
0,Hafif,2.2627146,5.522919
0,Hafif,1.6159987,4.70002
0,Hafif,1.9475596,9.565757
2,Güçlü,3.928401,2.7371268
0,Hafif,1.3516076,4.064866
3,Şiddetli,5.3948283,7.8404946
0,Hafif,1.2687093,8.977048
0,Hafif,1.5203943,2.5541263
1,Orta,3.6470006,2.1974494
2,Güçlü,3.8553836,6.4386444
0,Hafif,1.1062125,3.707457
2,Güçlü,4.981273,8.000876
0,Hafif,2.2590697,2.1069708
0,Hafif,1.8075142,1.5758878
0,Hafif,2.3875234,7.1394296
0,Hafif,1.3833251,5.5429263
1,Orta,2.976391,2.1388676
0,Hafif,1.6258193,4.8727016
0,Hafif,1.9451622,3.8957145
2,Güçlü,3.9940538,7.8068957
0,Hafif,1.3416095,7.1794934
0,Hafif,1.6719552,4.9840155
0,Hafif,1.313156,9.819369
2,Güçlü,4.4098735,8.157777
0,Hafif,1.2125028,4.147866
0,Hafif,1.7625271,4.7271304
0,Hafif,1.794027,5.27445
2,Güçlü,4.331743,6.997448
0,Hafif,1.8098811,8.73579
0,Hafif,1.6034902,7.745911
0,Hafif,1.8812747,5.6360774
0,Hafif,1.5943826,2.5052655
0,Hafif,1.6046352,2.028845
0,Hafif,2.2565045,7.7222047
0,Hafif,2.7146342,6.9955883
2,Güçlü,4.285085,6.8219438
0,Hafif,1.3703939,7.942844
0,Hafif,2.3806338,4.7200084
0,Hafif,1.21285,2.9756498
2,Güçlü,3.9705784,5.591114
2,Güçlü,4.6092477,8.746952
0,Hafif,2.2039948,3.3737621
0,Hafif,1.8948901,4.396738
0,Hafif,1.4673969,3.9097066
0,Hafif,1.7094694,3.2449133
2,Güçlü,3.9641523,3.0282674
0,Hafif,2.0567267,6.920788
0,Hafif,1.3281635,4.070305
0,Hafif,1.7302163,6.3565784
0,Hafif,1.5316753,8.328624
0,Hafif,1.7531505,4.33569
2,Güçlü,4.5824995,4.1507277
0,Hafif,1.4151024,1.6700515
1,Orta,3.3827171,1.9921272
0,Hafif,1.1368587,7.0424037
2,Güçlü,4.0021777,4.144872
0,Hafif,1.8204341,1.6414893
0,Hafif,1.8990984,2.1348085
0,Hafif,2.9698288,9.33222
0,Hafif,1.2562938,3.347568
0,Hafif,1.8641901,6.8786316
0,Hafif,1.5869352,6.3119397
0,Hafif,1.7969573,4.6605234
0,Hafif,1.6514511,4.2399135
0,Hafif,1.3618878,4.188011
0,Hafif,1.4007891,9.148112
0,Hafif,2.9911761,2.1036036
0,Hafif,2.7705522,5.750126
0,Hafif,1.7745277,5.372224
0,Hafif,2.0252411,1.5068033
0,Hafif,1.7791647,2.8250325
0,Hafif,2.266645,6.3297305
2,Güçlü,4.137648,4.8490877
0,Hafif,2.1170638,5.7780023
0,Hafif,1.8694559,4.7144656
2,Güçlü,4.0289097,8.62841
0,Hafif,2.1811326,2.3267426
1,Orta,3.2712386,6.69708
0,Hafif,1.2410365,2.5471776
0,Hafif,1.2317193,5.2055144
0,Hafif,2.0791426,8.192047
0,Hafif,2.0488515,3.786291
0,Hafif,1.2233168,7.1124167
0,Hafif,1.5796459,1.7726328
0,Hafif,1.4056379,2.438984
0,Hafif,1.8971677,8.180484
0,Hafif,1.6081156,8.676453
0,Hafif,2.883245,2.6555674
0,Hafif,1.8921311,4.058179
0,Hafif,2.2144487,3.3970127
0,Hafif,2.1895258,8.473307
2,Güçlü,4.1625485,7.657188
0,Hafif,2.8924677,5.319753
0,Hafif,2.383842,2.52956
0,Hafif,1.5171411,4.5042496
0,Hafif,1.9938744,7.9093914
0,Hafif,1.9384032,1.9689533
0,Hafif,2.9341712,1.5538727
2,Güçlü,4.2824345,1.5476295
0,Hafif,2.5578513,9.4387245
0,Hafif,1.7859528,8.328234
2,Güçlü,4.775412,6.7912364
0,Hafif,1.6536028,9.094125
0,Hafif,1.8667477,4.423662
1,Orta,3.2886643,4.4771976
0,Hafif,1.2196808,3.4423301
2,Güçlü,3.6451933,6.611417
2,Güçlü,4.089629,8.345627
0,Hafif,1.5598853,2.2993112
0,Hafif,1.2596711,2.1537652
0,Hafif,1.2466187,8.610434
2,Güçlü,4.7218857,7.4081583
0,Hafif,2.80215,5.542951
0,Hafif,2.216867,5.4810486
0,Hafif,1.4614896,6.5323443
0,Hafif,1.2949066,6.074928
0,Hafif,1.5525296,4.4872584
0,Hafif,1.1572897,6.306072
0,Hafif,1.675053,9.122597
0,Hafif,2.203793,2.4711826
0,Hafif,1.2142416,8.025639
0,Hafif,1.9705572,6.119929
0,Hafif,1.425564,4.068923
0,Hafif,1.6818608,7.478351
0,Hafif,2.1378393,9.433486
0,Hafif,1.3644053,8.909255
0,Hafif,1.2344304,7.5344234
0,Hafif,1.5302074,4.770857
0,Hafif,1.2960176,7.069472
0,Hafif,1.8921063,6.1766586
0,Hafif,1.6779121,9.729342
0,Hafif,2.6906738,6.8424087
0,Hafif,1.9608014,4.771272
0,Hafif,1.2906435,6.469198
0,Hafif,1.330102,5.689112
0,Hafif,1.3313895,2.4602416
0,Hafif,1.166875,4.348331
2,Güçlü,4.5162215,8.142677
0,Hafif,1.3134649,8.736399
0,Hafif,2.3847663,4.9781876
0,Hafif,1.0783634,4.8750625
0,Hafif,2.3593652,8.703869
0,Hafif,1.6464076,9.123845
2,Güçlü,4.324998,1.3815223
0,Hafif,1.3341641,2.3897996
0,Hafif,1.826876,2.3980634
0,Hafif,1.6267784,8.216981
0,Hafif,1.1083397,5.2804027
0,Hafif,1.1734955,6.1371646
1,Orta,3.2663245,6.849341
0,Hafif,1.8397806,7.1093946
0,Hafif,1.7334365,4.8676395
2,Güçlü,4.591301,8.6869545
0,Hafif,1.9906492,1.4664392
0,Hafif,2.182265,8.55002
0,Hafif,1.8281667,8.638734
0,Hafif,1.7696483,9.168305
0,Hafif,2.1273758,5.230458
0,Hafif,1.4160699,1.794302
0,Hafif,1.5895646,1.7297677
0,Hafif,1.9320319,8.323852
0,Hafif,1.6455324,9.013377
0,Hafif,1.666007,7.5760508
0,Hafif,1.4867272,3.5351703
0,Hafif,2.2239602,3.3625553
0,Hafif,1.3508137,6.04591
0,Hafif,1.7809613,8.242952
0,Hafif,2.2889237,6.900702
2,Güçlü,4.164071,1.8611487
2,Güçlü,4.643832,8.113256
2,Güçlü,4.0296664,9.468354
0,Hafif,3.0959084,7.3421373
0,Hafif,1.6459192,1.2973607
0,Hafif,2.8083627,3.4183974
0,Hafif,1.4652026,2.0888262
2,Güçlü,4.6275835,9.061684
1,Orta,3.3966265,5.631536
0,Hafif,1.7663244,7.696683
0,Hafif,2.314159,3.292363
0,Hafif,1.7291715,7.884903
2,Güçlü,4.6259174,2.8453104
0,Hafif,1.922664,6.0129795
0,Hafif,1.9996135,5.9414744
0,Hafif,1.9602972,2.679868
1,Orta,3.1079047,4.1600404
0,Hafif,1.4265522,5.759941
2,Güçlü,4.1454625,6.094787
0,Hafif,1.7298,2.863982
0,Hafif,1.8734725,2.4548151
0,Hafif,1.333942,5.441734
0,Hafif,1.9064515,1.3636622
2,Güçlü,4.2041397,1.067754
2,Güçlü,3.9092767,7.8431296
0,Hafif,1.6770586,5.428913
0,Hafif,1.3468244,1.5021212
0,Hafif,1.6862775,6.7278056
0,Hafif,2.0003095,1.9120104
0,Hafif,1.6168879,2.8116448
2,Güçlü,4.346425,2.1566317
0,Hafif,2.6443849,1.9802402
0,Hafif,1.351214,2.9347143
1,Orta,3.0856512,1.6877908
2,Güçlü,4.3232007,6.425739
0,Hafif,1.8133613,4.0584154
0,Hafif,1.3531518,9.427965
0,Hafif,2.4369154,5.948012
0,Hafif,2.001744,6.490428
0,Hafif,1.2243087,4.4761333
0,Hafif,2.1601095,8.490105
2,Güçlü,4.3124013,5.070357
0,Hafif,2.008301,7.8060646
0,Hafif,1.688862,2.0424454
2,Güçlü,4.448407,3.800001
2,Güçlü,3.7038763,5.8957586
2,Güçlü,4.2099013,2.9298756
0,Hafif,1.8130431,7.9252634
0,Hafif,1.5942677,7.278136
0,Hafif,1.9589123,6.5235887
2,Güçlü,4.246064,4.819546
0,Hafif,1.5006889,2.7255433
3,Şiddetli,5.382597,3.2041724
0,Hafif,1.5093657,7.6519113
0,Hafif,1.2226635,4.9567456
0,Hafif,1.2721921,3.2511284
1,Orta,3.4248772,6.927374
0,Hafif,2.6888719,8.715383
0,Hafif,1.3234761,3.5324938
0,Hafif,1.9979168,8.673431
0,Hafif,1.6863835,6.7365003
0,Hafif,1.4697559,6.4698963
0,Hafif,2.0489442,9.545271
0,Hafif,2.9541287,8.372992
0,Hafif,1.5195794,7.8686647
0,Hafif,1.84224,7.892026
0,Hafif,1.519494,4.331407
0,Hafif,2.1993861,8.639545
0,Hafif,1.4322262,2.7595742
2,Güçlü,4.1593695,8.469452
0,Hafif,1.4881359,4.0787463
2,Güçlü,4.3982177,8.115805
0,Hafif,2.7253191,1.950967
0,Hafif,1.577756,6.702816
1,Orta,3.2314365,1.2166597
0,Hafif,1.4542634,6.6755157
0,Hafif,1.773292,1.7105721
0,Hafif,1.4459906,8.818328
0,Hafif,1.3120532,8.581376
0,Hafif,1.3325624,7.9282327
0,Hafif,1.483623,8.148799
0,Hafif,1.646593,5.3324776
0,Hafif,2.5561745,2.1778166
0,Hafif,1.9922123,9.6685915
0,Hafif,1.7969123,6.771649
0,Hafif,2.6427147,7.001311
0,Hafif,1.5365639,6.353047
2,Güçlü,4.7038517,4.9494953
0,Hafif,1.1337779,5.4908566
2,Güçlü,4.414143,1.1192385
0,Hafif,1.6490237,3.3087115
0,Hafif,2.1208541,5.5221844
0,Hafif,1.1068211,5.7507725
0,Hafif,1.567084,4.0910645
0,Hafif,1.4131833,5.6667647
0,Hafif,1.5771714,2.366541
0,Hafif,1.4443682,5.791264
0,Hafif,1.6275371,2.3604698
4,Felaket,6.3385463,9.079239
0,Hafif,2.105573,8.438777
0,Hafif,1.5049886,3.0728118
0,Hafif,1.617853,4.8612323
2,Güçlü,4.663579,9.2188835
0,Hafif,1.5497437,7.1175017
2,Güçlü,4.4593725,8.866165
0,Hafif,2.5527983,8.3230295
0,Hafif,1.3179134,2.1727288
0,Hafif,1.5861274,8.590953
0,Hafif,1.9243397,8.511426
1,Orta,3.1932156,4.312801
0,Hafif,1.1994944,1.9648957
0,Hafif,2.1424606,3.627748
0,Hafif,1.8773814,5.4323044
0,Hafif,2.9073226,7.1014524
0,Hafif,1.8149046,3.5569541
0,Hafif,1.786849,7.5485992
0,Hafif,2.659136,1.1668339
0,Hafif,1.6677305,4.4419966
0,Hafif,1.6499586,3.6851368
0,Hafif,1.7725679,2.983099
0,Hafif,1.748488,9.421329
2,Güçlü,4.901983,5.809931
0,Hafif,1.8034668,2.218143
2,Güçlü,4.44169,2.598425
0,Hafif,1.8274753,8.24183
0,Hafif,1.8268336,2.6141758
0,Hafif,3.1573966,8.022939
0,Hafif,1.8529413,6.2789264
2,Güçlü,4.1012945,3.0580838
0,Hafif,2.0374913,8.463688
0,Hafif,1.2536024,8.056615
0,Hafif,2.3746922,2.21342
0,Hafif,1.7861221,7.3797083
0,Hafif,1.5272115,6.418122
0,Hafif,1.1056359,4.796841
0,Hafif,2.4279618,7.3102183
0,Hafif,1.3952883,7.8742642
0,Hafif,1.254795,2.305979
0,Hafif,2.7963388,5.2646422
0,Hafif,2.0205755,2.095652
2,Güçlü,4.363263,4.9180636
1,Orta,3.092235,1.8196309
0,Hafif,1.8150761,1.3060104
0,Hafif,1.8874334,2.6018927
0,Hafif,1.5011407,2.2698102
0,Hafif,1.1482797,7.071711
2,Güçlü,3.6413372,2.423929
0,Hafif,1.2312301,1.7106148
